Calendar,Duration,Percent
Unfilled,73.5,51.041666666666664
30_АйДи,40.0,27.77777777777778
Дорога,18.5,12.847222222222221
Hop&Scotch,5.0,3.4722222222222223
21_Политех | Уроки,2.0,1.3888888888888888
Other Projects,2.0,1.3888888888888888
Physical activity,1.5,1.0416666666666665
tachkov.maksim@gmail.com,1.5,1.0416666666666665
_Reminder,0.0,0.0
_Timetable,0.0,0.0
Здоровье,0.0,0.0
Отпуски,0.0,0.0
