Calendar,Duration,Percent
Trip,32.5,45.13888888888889
Unfilled,19.0,26.38888888888889
Сон,17.5,24.305555555555554
Other Projects,2.0,2.7777777777777777
Дорога,1.0,1.3888888888888888
_Reminder,0.0,0.0
_Timetable,0.0,0.0
Отпуски,0.0,0.0
