Calendar,Duration,Percent
Unfilled,22.5,46.875
30_АйДи,16.0,33.33333333333333
Дорога,7.0,14.583333333333334
Hop&Scotch,2.5,5.208333333333334
_Timetable,0.0,0.0
Здоровье,0.0,0.0
