Calendar,Duration,Percent
Сон,13.5,27.835051546391753
Trip,10.5,21.649484536082475
30_АйДи,8.0,16.49484536082474
Unfilled,8.0,16.49484536082474
Отдых,4.5,9.278350515463918
Дорога,4.0,8.24742268041237
_Reminder,0.0,0.0
_Timetable,0.0,0.0
Отпуски,0.0,0.0
