Calendar,Duration,Percent
Unfilled,57.5,34.226190476190474
30_АйДи,40.0,23.809523809523807
Сон,36.0,21.428571428571427
Дорога,16.0,9.523809523809524
Other Projects,10.0,5.952380952380952
Отдых,4.0,2.380952380952381
Hop&Scotch,2.5,1.488095238095238
20_STUDY,1.0,0.5952380952380952
Physical activity,1.0,0.5952380952380952
00_DeadLines,0.0,0.0
_Reminder,0.0,0.0
_Timetable,0.0,0.0
